Date,Sales_Product_A,Sales_Product_B,Sales_Product_C
2023-01-01 00:00:00,18.727005942368123,5.436991984969804,13.452042364502525
2023-01-01 01:00:00,47.74398837742591,2.1198518551613823,8.958313608863461
2023-01-01 02:00:00,37.015881671571805,22.4833302273027,17.529318919950725
2023-01-01 03:00:00,30.55629787677797,17.60821759555304,3.7923452557181734
2023-01-01 04:00:00,8.630412685588901,25.75255170082841,14.184311309910122
2023-01-01 05:00:00,8.833873814553337,4.813659977434608,17.175964912059488
2023-01-01 06:00:00,4.141200404682587,24.600231233560276,19.387092307989512
2023-01-01 07:00:00,44.7465517904244,6.91146630243892,14.240058366463973
2023-01-01 08:00:00,31.691724071141202,5.891262376359592,10.59788467376085
2023-01-01 09:00:00,37.23499153523252,6.026791525187932,13.089489862196372
2023-01-01 10:00:00,3.052797532595746,25.651385297624838,18.187528816696613
2023-01-01 11:00:00,50.70776295926601,21.28327883158578,12.297103073243111
2023-01-01 12:00:00,44.0192597330421,17.13023935888619,1.5665922711451432
2023-01-01 13:00:00,13.194779490827006,12.311608897852995,19.650103492904833
2023-01-01 14:00:00,11.84529383978988,27.968443512054158,14.892153212405162
2023-01-01 15:00:00,12.095711857374003,13.528645041500448,14.700462261425855
2023-01-01 16:00:00,18.30396116332557,26.35309259335652,5.550242654093817
2023-01-01 17:00:00,29.490666230723072,15.12575404657326,14.478847264297615
2023-01-01 18:00:00,25.005444732222458,13.353249162817228,9.240565633129838
2023-01-01 19:00:00,18.119083813897426,16.01496965248539,14.447710262427972
2023-01-01 20:00:00,34.29352900209916,11.261866784512373,3.6122143125518886
2023-01-01 21:00:00,10.812410543782228,24.730911911995616,14.691993096532775
2023-01-01 22:00:00,18.575121443005617,17.4623451125212,21.575430121911214
2023-01-01 23:00:00,22.409264986355943,9.421084547407334,2.600709905879663
2023-01-02 00:00:00,27.01085413489128,29.511650152660742,21.22642565404214
2023-01-02 01:00:00,43.57503171714111,14.1064768296906,9.864652673453584
2023-01-02 02:00:00,14.401309101726504,18.95715782970477,19.18211700426859
2023-01-02 03:00:00,30.223059891176057,29.900966111233693,17.45224486936366
2023-01-02 04:00:00,34.2179533393709,21.48547481518103,13.179215178240865
2023-01-02 05:00:00,6.997652319453438,6.312020231323054,16.63903685840795
2023-01-02 06:00:00,35.12216569184985,31.04191756647101,19.468280464738132
2023-01-02 07:00:00,13.332684172487093,21.715128385016047,10.005397628269666
2023-01-02 08:00:00,8.11226915608054,12.962982143802522,8.4845390339914
2023-01-02 09:00:00,52.34874214778244,7.120841350971085,15.313653825318006
2023-01-02 10:00:00,53.222329252267755,26.78519223723275,18.133209878241082
2023-01-02 11:00:00,45.388280906613986,21.583230778329966,17.23306809584869
2023-01-02 12:00:00,20.218163391688808,18.99631771910181,17.951262950380798
2023-01-02 13:00:00,9.881484507570153,29.815504775879305,10.710817819159043
2023-01-02 14:00:00,39.21125838942222,26.657680575024546,18.35652714902618
2023-01-02 15:00:00,27.000281389679223,7.545840413602029,4.401243788491832
2023-01-02 16:00:00,11.078951530997767,12.337885907121741,12.880597874720522
2023-01-02 17:00:00,29.71162893633237,10.426344252895287,2.0962865822699754
2023-01-02 18:00:00,6.639355790130605,25.27034661780212,8.45968849175328
2023-01-02 19:00:00,50.34455583291626,3.933094479459675,9.280644989018821
2023-01-02 20:00:00,17.767672348788345,19.993894507411994,9.854923139700107
2023-01-02 21:00:00,37.89654312574757,25.7360179170498,15.817515697016631
2023-01-02 22:00:00,20.28945755528386,29.12531135334047,9.65272352573224
2023-01-02 23:00:00,30.632614334328828,13.039980426740199,10.82555776262593
2023-01-03 00:00:00,31.882001101292392,27.36561142063743,6.569477471137914
2023-01-03 01:00:00,13.698591704155717,5.992473465383837,9.247383403738548
2023-01-03 02:00:00,52.836747345434254,28.008078326359342,6.2883989281455595
2023-01-03 03:00:00,43.00824011714799,6.375619239414828,3.164558055005777
2023-01-03 04:00:00,51.113248838839255,14.401599773188899,13.724292571879479
2023-01-03 05:00:00,48.75918858125354,26.329553609309265,14.971384395048766
2023-01-03 06:00:00,33.785364924993864,6.831742411126978,13.945953313968133
2023-01-03 07:00:00,49.84986952965231,9.131236524077124,10.772343987410032
2023-01-03 08:00:00,8.040054511287597,23.83683469700696,9.041887367061245
2023-01-03 09:00:00,13.26756828072362,23.682151192242046,18.65404305534305
2023-01-03 10:00:00,5.576764656036083,21.223669112864425,11.707795786928033
2023-01-03 11:00:00,19.423136728964398,22.71242544849371,10.846285628915092
2023-01-03 12:00:00,22.426225204993884,18.077149732739755,1.7097856043366266
2023-01-03 13:00:00,16.390358519796003,9.247715925869306,7.954119324963609
2023-01-03 14:00:00,44.085428428188706,11.960011587472929,8.663333563954039
2023-01-03 15:00:00,20.30726782772991,6.929692399873037,8.964296215158187
2023-01-03 16:00:00,16.333088617548096,28.625334719916285,12.51799263781827
2023-01-03 17:00:00,29.233960125021106,18.761247423248825,11.511713321381043
2023-01-03 18:00:00,8.95451620899979,13.170525479066193,12.921423839973556
2023-01-03 19:00:00,41.823990440959584,14.88865895127854,15.983321792145606
2023-01-03 20:00:00,5.244534520827822,29.328701590458028,16.866515709057584
2023-01-03 21:00:00,50.661576796842965,5.390880073572668,14.88935351125673
2023-01-03 22:00:00,39.727409534880614,18.25599760253256,19.55654234711779
2023-01-03 23:00:00,10.846960469186687,15.72336620202082,0.7291222105184594
2023-01-04 00:00:00,0.981705896479456,18.766987087219036,4.197799729790656
2023-01-04 01:00:00,41.27187028801011,0.842584833786258,0.35077704567020423
2023-01-04 02:00:00,35.633999037643925,26.338396375482382,13.065947021197287
2023-01-04 03:00:00,36.53331786319611,28.013324151196414,17.993794763458435
2023-01-04 04:00:00,38.43816040532144,16.87878135029076,4.819503159935647
2023-01-04 05:00:00,3.368776869678821,20.69945128609135,18.407308609115855
2023-01-04 06:00:00,17.382310754563086,27.350396031728543,0.9889575367310003
2023-01-04 07:00:00,5.045896405986348,20.768625087239876,18.38969790800223
2023-01-04 08:00:00,42.20233147940225,4.004467398801384,6.651317819041718
2023-01-04 09:00:00,30.008437279367786,16.594769367798328,1.5658289441802866
2023-01-04 10:00:00,15.186810401320328,17.3865968866984,9.17419884720166
2023-01-04 11:00:00,1.6205623491898593,11.789507040004787,4.512589288365629
2023-01-04 12:00:00,13.79519994733501,21.04097738567283,4.995891583859217
2023-01-04 13:00:00,14.311733542336663,26.86255090767003,5.366826274925455
2023-01-04 14:00:00,34.34274040753863,26.484514281584545,15.205490552907438
2023-01-04 15:00:00,29.553879627602612,12.130784778029135,9.853627957441871
2023-01-04 16:00:00,41.8542518858746,1.8933102294576236,5.223599885943383
2023-01-04 17:00:00,20.926320446139975,27.934580481695544,11.132905341435372
2023-01-04 18:00:00,3.121905703203367,23.452258637150994,13.179890846979184
2023-01-04 19:00:00,32.63601273770085,1.9241444620286672,4.241989365291117
2023-01-04 20:00:00,34.84985888326061,25.711620349970612,6.995224611473326
2023-01-04 21:00:00,24.716835747286133,24.08867638315064,1.098912214263479
2023-01-04 22:00:00,35.049514248083206,13.465834863995255,2.2234490908356683
2023-01-04 23:00:00,21.045187954598273,15.551507954175118,12.16452033385115
2023-01-05 00:00:00,22.352628992560064,9.699673630180122,2.1151619632966825
2023-01-05 01:00:00,17.460186344185974,-0.7072695795839641,8.9365218438446
2023-01-05 02:00:00,-2.7719612053870035,7.63016672382197,12.56375821741195
2023-01-05 03:00:00,1.2326187768752854,21.588431914266383,0.47275743277890214
2023-01-05 04:00:00,-2.702303751857487,-2.425297131578434,9.636739178100392
2023-01-05 05:00:00,27.442365717690127,7.378082243434989,3.3799937358277177
2023-01-05 06:00:00,11.242852262673416,9.26009273304255,17.46855878829443
2023-01-05 07:00:00,20.864563702371008,13.383485574619204,7.845324592052841
2023-01-05 08:00:00,40.733251189950835,24.80862498857053,14.26182199296164
2023-01-05 09:00:00,7.7465004959389345,7.5595132540759495,9.11728645852331
2023-01-05 10:00:00,15.736186714993615,7.538820394814106,-1.0449331176187664
2023-01-05 11:00:00,32.93805156282064,19.22133422469338,10.72722536614773
2023-01-05 12:00:00,6.552257686255638,10.633947873698924,17.073006608802945
2023-01-05 13:00:00,-1.0783160439630866,3.781757766957817,10.061311788765531
2023-01-05 14:00:00,9.529153285974555,10.598133868152495,14.400409444650265
2023-01-05 15:00:00,3.0801443002678255,1.2371585739345585,15.691761241995199
2023-01-05 16:00:00,41.49010803163901,2.2947448438929143,2.563685604782793
2023-01-05 17:00:00,35.406060098847,11.951057854560082,2.2409132464149923
2023-01-05 18:00:00,26.673723880644282,9.569885118210303,10.221034199069079
2023-01-05 19:00:00,38.58873366067029,24.45479952281365,6.226851056647859
2023-01-05 20:00:00,35.220128131954965,7.893731545698536,14.811835772134101
2023-01-05 21:00:00,4.394463265729587,14.45722670119798,16.02684659653134
2023-01-05 22:00:00,39.731911082235655,16.030305332227975,5.110012049149072
2023-01-05 23:00:00,22.11757292757881,-2.5168898032722273,2.79759551220815
2023-01-06 00:00:00,35.57738638488743,17.0293483365119,13.69266175555096
2023-01-06 01:00:00,40.07318420897473,2.5022505337725844,3.60356839608275
2023-01-06 02:00:00,11.240246561935958,26.036153212089314,14.588315495610676
2023-01-06 03:00:00,0.9222116212526199,1.7116510695146583,6.6426112309227685
2023-01-06 04:00:00,6.9038670096934345,9.742989041368523,11.55384153886795
2023-01-06 05:00:00,16.957790831396867,-0.07806911759025281,0.15166683672698444
2023-01-06 06:00:00,36.606065828991696,27.329424075098647,10.759317506678277
2023-01-06 07:00:00,38.852237778410554,12.555275479293307,7.361637020981936
2023-01-06 08:00:00,-3.7190404312783647,15.421562344898572,10.105510480374322
2023-01-06 09:00:00,21.595421727202805,-0.3528717193524651,1.7835067942270755
2023-01-06 10:00:00,17.06015297361055,20.212575801678295,13.213316025352281
2023-01-06 11:00:00,7.433153873428435,4.093825802802726,15.787046890821339
2023-01-06 12:00:00,2.4655667388321807,24.825007706510238,2.923715350674729
2023-01-06 13:00:00,13.503715560564528,4.127963408690093,0.563473906556486
2023-01-06 14:00:00,43.9249628779613,3.788318229311202,-0.8154372061391355
2023-01-06 15:00:00,13.101735351041604,-0.7385567145548491,11.616065508866857
2023-01-06 16:00:00,23.04853987844676,12.42741362806705,10.985484238286999
2023-01-06 17:00:00,32.43239513317323,15.3141023109271,9.846527129647137
2023-01-06 18:00:00,15.64008473146841,0.4464219503527962,3.622383767320992
2023-01-06 19:00:00,46.229277679116876,21.849932626691622,6.87418933533783
2023-01-06 20:00:00,45.94820354898018,12.294168323565597,11.019862224473307
2023-01-06 21:00:00,10.604392891301973,14.54087493984766,9.141448417196894
2023-01-06 22:00:00,23.07058789207452,12.147779966619993,19.038975443279845
2023-01-06 23:00:00,13.448072964503078,11.065386310458537,2.0904580406005007
2023-01-07 00:00:00,12.844947227878752,15.950963444649759,13.344060084554023
2023-01-07 01:00:00,0.6484600429394729,3.9396749830490756,7.608020432170976
2023-01-07 02:00:00,29.485595433329532,4.862271155458948,8.16694379224617
2023-01-07 03:00:00,24.34631900640236,25.38098933738109,14.03690245114724
2023-01-07 04:00:00,1.992661737198319,28.03469836882829,13.616212696366935
2023-01-07 05:00:00,13.558412729695286,10.974933199111417,19.67555568118965
2023-01-07 06:00:00,45.247398215594906,8.022802544663943,2.501527355987391
2023-01-07 07:00:00,12.020500822374583,19.34543007058605,2.0991555032937117
2023-01-07 08:00:00,7.495378653972018,12.41240616258941,14.587030362339169
2023-01-07 09:00:00,24.931066756329038,1.0366479152808792,11.751109837108537
2023-01-07 10:00:00,49.947949372926004,5.083833921423294,5.749383998154506
2023-01-07 11:00:00,12.974033080413038,22.001928568324736,1.9368951817149394
2023-01-07 12:00:00,34.682377310733,20.413078221567986,2.1434049681042415
2023-01-07 13:00:00,39.35904405161486,1.5797177462118923,18.395042807353956
2023-01-07 14:00:00,13.360185290665788,7.546149712615966,4.42866973079318
2023-01-07 15:00:00,38.0868041916934,7.937835954302398,7.137825946750586
2023-01-07 16:00:00,20.25991278881876,21.27923599967551,5.2814305056821995
2023-01-07 17:00:00,33.67756970360473,1.8286830369863813,7.924837386209051
2023-01-07 18:00:00,33.926705906947824,4.473389680879068,2.288565002483103
2023-01-07 19:00:00,29.222990700196416,25.458036459070776,11.354898416748805
2023-01-07 20:00:00,7.128555598368813,6.924780119019047,2.3978781101036573
2023-01-07 21:00:00,44.5544648199166,21.25598725982906,17.122866172629113
2023-01-07 22:00:00,18.998774330178605,8.921346080356884,5.858150070845386
2023-01-07 23:00:00,12.450989894633526,4.858280407564843,12.050264041946537
2023-01-08 00:00:00,5.323690071332141,9.26612552613999,18.915554948666745
2023-01-08 01:00:00,32.98374658833005,23.73146761302055,14.393187152511066
2023-01-08 02:00:00,37.46551416138591,27.82327168475165,12.094074158735424
2023-01-08 03:00:00,4.558657112435244,27.144155336635208,7.9783813287244865
2023-01-08 04:00:00,29.469414694856464,14.234362956489093,8.205942973120925
2023-01-08 05:00:00,15.31833796844092,22.4386836222458,14.98715878738141
2023-01-08 06:00:00,36.374043915530024,8.618771499509146,21.528948982446362
2023-01-08 07:00:00,12.948437266144264,11.332501397367214,14.928830123345449
2023-01-08 08:00:00,38.884371253217324,29.49256516449001,12.890662086638109
2023-01-08 09:00:00,23.774090929947246,3.0524518742743068,16.387939650753072
2023-01-08 10:00:00,51.36595974622551,5.282932111267318,11.11589636942988
2023-01-08 11:00:00,11.489781702400887,9.004828351441553,3.0483406500561934
2023-01-08 12:00:00,21.74331743638662,3.6099660465388084,13.121936271107675
2023-01-08 13:00:00,10.431800151701552,8.297937506497178,21.055755325976442
2023-01-08 14:00:00,51.05266977234395,20.38204014414025,5.433254390519517
2023-01-08 15:00:00,48.73645794229928,15.564430681725078,15.747893925713408
2023-01-08 16:00:00,17.809620320689646,29.727674693268366,5.9836893471538755
2023-01-08 17:00:00,37.946262418721865,27.49154292236097,12.695377736266789
2023-01-08 18:00:00,45.83410390561667,13.238316888269807,3.9227265511567446
2023-01-08 19:00:00,32.75033583312632,10.776880154830696,11.003536826424984
2023-01-08 20:00:00,31.481463074871428,14.390132739260672,17.122840240733364
2023-01-08 21:00:00,17.09151015640483,20.70818564227358,8.95098872933254
2023-01-08 22:00:00,9.6453180732915,11.036017034484212,15.294306362942976
2023-01-08 23:00:00,49.833589399211355,21.708148136401032,17.898119816412592
2023-01-09 00:00:00,49.967694091283434,15.250424305607359,20.522272882835818
2023-01-09 01:00:00,36.567266891558916,19.508731842296715,6.657719248267277
2023-01-09 02:00:00,21.820559494218877,16.005237839129805,9.933946292899698
2023-01-09 03:00:00,22.277972562788985,11.724469085551094,4.975317799470725
2023-01-09 04:00:00,41.05533917142697,31.308132345613707,21.752692134333504
2023-01-09 05:00:00,49.54487117171258,25.72178872924306,20.415762628119396
2023-01-09 06:00:00,48.96734226445257,6.971207903711598,12.644351026089872
2023-01-09 07:00:00,43.52245366268961,28.771245098822437,18.65213643545179
2023-01-09 08:00:00,36.53805284818786,17.284818271769492,12.193747761630233
2023-01-09 09:00:00,8.54356186935081,29.43850497858176,14.206339207894542
2023-01-09 10:00:00,12.310564736336682,26.533135097383052,3.4741402549627294
2023-01-09 11:00:00,49.04206269424908,15.225017094814072,16.751149717094204
2023-01-09 12:00:00,34.31388854609695,3.069540587473993,4.151243897951677
2023-01-09 13:00:00,4.323440130165659,10.378473311148888,18.066787624784236
2023-01-09 14:00:00,8.801610031953935,18.485846173017407,17.13177490886865
2023-01-09 15:00:00,36.76109534038152,21.155950725771657,15.609296708851021
2023-01-09 16:00:00,3.6908352678762424,9.799284208335253,2.0983100407213655
2023-01-09 17:00:00,11.323940373929934,6.150804904017725,7.375982240128573
2023-01-09 18:00:00,30.560309237100267,26.922078965241553,6.511699305725243
2023-01-09 19:00:00,37.55303945265919,31.30703316192128,8.386039976640191
2023-01-09 20:00:00,35.38586718337867,17.443387994029763,2.8679766185762294
2023-01-09 21:00:00,13.825955083821192,6.717872341925026,19.784152304938537
2023-01-09 22:00:00,38.041601164623735,9.62880385392923,12.049100853146301
2023-01-09 23:00:00,14.111022236017831,1.900861013130698,7.009913357631601
2023-01-10 00:00:00,18.33057733417217,28.66531965254024,8.763867311969182
2023-01-10 01:00:00,39.19361034727056,4.6539565415258455,9.691666846644452
2023-01-10 02:00:00,34.15588831704705,18.300040284239397,12.681584013086873
2023-01-10 03:00:00,43.93771091070525,9.107580852213992,10.904204708328496
2023-01-10 04:00:00,34.15691895499975,17.391104679463353,18.898349200281384
2023-01-10 05:00:00,29.489223027227645,20.186887366828365,10.36878680229823
2023-01-10 06:00:00,5.553185818306792,25.413922567357346,20.19093926722712
2023-01-10 07:00:00,19.049382907353078,6.590793805446936,17.293936256654476
2023-01-10 08:00:00,13.716704561860018,0.6038265664186622,4.352844758256214
2023-01-10 09:00:00,12.448269200459572,4.255841120967454,18.711419105480484
2023-01-10 10:00:00,48.69108376341471,27.024892870918613,2.3435503680264946
2023-01-10 11:00:00,19.48714085383649,26.116055099174538,16.28189601802322
2023-01-10 12:00:00,44.22657215654662,17.69693970372382,7.462163628607983
2023-01-10 13:00:00,30.97381773384843,17.665637673400774,17.326240982495502
2023-01-10 14:00:00,38.95110585084884,19.477424640647516,17.045350071655573
2023-01-10 15:00:00,24.137419959635437,4.664477541328987,15.720734124102757
2023-01-10 16:00:00,27.647510365666374,26.713748058357847,15.321535179880597
2023-01-10 17:00:00,23.227030666721934,11.723803332229435,5.53404117227231
2023-01-10 18:00:00,8.164553421790856,10.535598266618104,0.9793472737804962
2023-01-10 19:00:00,34.329041053934574,14.49139233300071,7.342177691646952
2023-01-10 20:00:00,12.052198049022978,0.21712695943976446,2.675922270522249
2023-01-10 21:00:00,-0.9600289682733023,3.683004688774786,13.028690862110837
2023-01-10 22:00:00,29.91215722014148,20.724133947660967,5.977411500668948
2023-01-10 23:00:00,6.312545269398168,0.958166817181227,18.495008536816584
2023-01-11 00:00:00,44.30282366319887,16.462499951323537,11.731399325127901
2023-01-11 01:00:00,44.803928164487566,5.62497287905455,15.292610998430499
2023-01-11 02:00:00,42.68334467028748,9.84294351681833,1.4265435185429916
2023-01-11 03:00:00,15.285997531138804,6.727649614140947,15.951514652799084
2023-01-11 04:00:00,-2.605576463845773,8.643137119774988,17.10378089415223
2023-01-11 05:00:00,42.886915472358695,19.453969561310824,8.32963331356769
2023-01-11 06:00:00,17.73571526384174,6.709556177480865,10.655661894209958
2023-01-11 07:00:00,44.52114597307438,14.705182221441458,13.77155802641627
2023-01-11 08:00:00,44.237917443346525,11.915663219303317,1.9195399807618025
2023-01-11 09:00:00,38.58274956735454,17.469501037271364,8.424232246863465
2023-01-11 10:00:00,10.537140600378287,25.593709777882143,6.299138954205864
2023-01-11 11:00:00,14.95926673151434,19.399791097158356,1.2092319638122133
2023-01-11 12:00:00,38.15835477598449,3.8091240778076925,5.591296925887289
2023-01-11 13:00:00,11.35239749987822,-1.7607276029228582,-0.4340349154643941
2023-01-11 14:00:00,3.893511056946071,5.1192455625796205,-1.3162123719536816
2023-01-11 15:00:00,23.17946551977674,15.055979359123185,0.8390867418401484
2023-01-11 16:00:00,42.07575992384851,-1.2964128659868133,17.36951071810726
2023-01-11 17:00:00,30.006343920974295,12.01389986837248,9.0725323527906
2023-01-11 18:00:00,23.653069164864856,14.99529186374464,17.376447487223043
2023-01-11 19:00:00,-0.03758917563096986,7.089468406007187,6.691392020934881
2023-01-11 20:00:00,25.816022434959116,20.166762772375037,4.262587101705442
2023-01-11 21:00:00,44.538993890670724,0.21972842528769432,8.137357810987908
2023-01-11 22:00:00,2.0197587183803005,-0.7365317739932777,6.796456955279843
2023-01-11 23:00:00,20.91994943916457,18.847742778694737,0.11468041362597026
2023-01-12 00:00:00,38.868702563644256,11.864768866533844,10.816545880702717
2023-01-12 01:00:00,32.04374121598599,17.65525808979754,2.322887781502301
2023-01-12 02:00:00,29.87002882084309,10.056365220760203,10.399455806388467
2023-01-12 03:00:00,30.166023311980066,4.417152464747967,11.020749493012909
2023-01-12 04:00:00,13.047560722795254,21.61687142731049,1.06969832729596
2023-01-12 05:00:00,9.79233200071091,21.050120241561125,-0.7279115427921401
2023-01-12 06:00:00,35.629017786369374,17.93747013309902,13.679615726346274
2023-01-12 07:00:00,35.7232498670815,5.294902196772357,7.283040528635388
2023-01-12 08:00:00,38.63611779392777,14.87642112502616,-0.7237233439214537
2023-01-12 09:00:00,41.01764014063334,8.04258441588667,18.039571348519253
2023-01-12 10:00:00,21.00390510998521,0.009533299962016795,-0.6696747132973391
2023-01-12 11:00:00,20.60169365730868,24.834934617636502,12.111056146350544
2023-01-12 12:00:00,35.53749807489662,1.4782024035035564,17.922674155891414
2023-01-12 13:00:00,28.225394180905656,25.943439199834508,3.074481141125471
2023-01-12 14:00:00,30.93741700685884,10.883617075122876,1.1806166313333932
2023-01-12 15:00:00,35.74780490402826,3.1288907244925124,0.8109673613378598
2023-01-12 16:00:00,40.584552859695364,13.907599882640973,4.499217258878732
2023-01-12 17:00:00,13.116955079505718,23.918693418449607,0.507795114984505
2023-01-12 18:00:00,15.135822752861351,19.780751664805326,12.385896882228298
2023-01-12 19:00:00,1.201574298593235,22.098320819773363,-0.15317311477883222
2023-01-12 20:00:00,25.56835775161947,17.756111422407983,8.850182843720102
2023-01-12 21:00:00,-1.3908546344604353,18.85551594095705,18.65874974734052
2023-01-12 22:00:00,20.25514742276007,23.66101745664182,15.069503996575204
2023-01-12 23:00:00,24.27594364038831,5.7762674087812655,11.16187352662401
2023-01-13 00:00:00,11.644198016412044,13.07303015529291,5.051926579731364
2023-01-13 01:00:00,27.036879020635567,5.133412849899086,11.476003122706784
2023-01-13 02:00:00,-0.7973429744272948,28.23662695707155,9.611887089681128
2023-01-13 03:00:00,-0.26848621362639546,27.040242799946128,7.667309417372582
2023-01-13 04:00:00,39.18429981791117,0.015367412012130544,1.835916248775292
2023-01-13 05:00:00,16.257348803193118,20.11594521504864,17.031210997861322
2023-01-13 06:00:00,4.797428857688603,26.824091457526595,8.373454266464197
2023-01-13 07:00:00,24.755853018442245,4.603474363241221,3.3499262426961116
2023-01-13 08:00:00,37.345008825424706,16.34555561887538,6.893319485743456
2023-01-13 09:00:00,9.840028043507594,26.89403492884052,7.9021857180447155
2023-01-13 10:00:00,30.398796801101163,0.5709431636646544,16.252467115397945
2023-01-13 11:00:00,3.728237078942196,20.599126314957473,14.45663314292956
2023-01-13 12:00:00,2.2524765716743818,8.721504529122921,15.253454078124394
2023-01-13 13:00:00,26.444224403269413,27.65778155621312,0.17122241851774989
2023-01-13 14:00:00,27.11656560814449,29.182633071544533,8.357003774650897
2023-01-13 15:00:00,32.16447408786405,28.503782081175252,9.744074637887962
2023-01-13 16:00:00,36.80520661386594,14.526810456363632,0.5841015075542793
2023-01-13 17:00:00,49.50003577483774,26.28573861070601,5.479236895585088
2023-01-13 18:00:00,26.728013088215437,25.884279359945513,15.57099473170497
2023-01-13 19:00:00,17.2647983590371,10.243199024482548,3.1889839993699014
2023-01-13 20:00:00,41.07832457755903,25.658873127994624,11.233808564701372
2023-01-13 21:00:00,15.060377904341044,2.021488246207178,4.911543576839684
2023-01-13 22:00:00,23.66445051470004,18.917624042112532,0.928767284645159
2023-01-13 23:00:00,5.83283415824138,8.04627417330794,5.588035188442063
2023-01-14 00:00:00,3.3683723549060804,4.877507683798287,20.357809171854356
2023-01-14 01:00:00,50.42042925537235,3.681401161761931,16.945945646250227
2023-01-14 02:00:00,44.270216222066644,22.371389394218003,20.180016965003208
2023-01-14 03:00:00,37.44883250130809,11.786322231015902,10.817129757176527
2023-01-14 04:00:00,23.272081176514074,23.43766351934319,3.324497555870302
2023-01-14 05:00:00,11.658558896728856,3.7569959598802107,12.156726936748486
2023-01-14 06:00:00,10.979907072145496,11.353543098073025,10.350768666635696
2023-01-14 07:00:00,15.828929951130954,18.174809797000826,18.213855671952796
2023-01-14 08:00:00,30.931090908191305,25.803549548900076,3.349554684839004
2023-01-14 09:00:00,39.34650342448441,11.732599461650873,11.21150565622808
2023-01-14 10:00:00,36.767247644621364,21.031168578351153,4.503924817373604
2023-01-14 11:00:00,17.888222891886258,28.914249273839086,8.050129755636846
2023-01-14 12:00:00,51.76218616591781,20.887248925124,16.354710400859233
2023-01-14 13:00:00,41.0341857697344,9.472388203576598,11.17609856135372
2023-01-14 14:00:00,31.970275048282417,3.2835669003235717,9.21879467200034
2023-01-14 15:00:00,34.94446035203414,28.718020041217816,9.632894787527318
2023-01-14 16:00:00,25.436711167299894,3.3121071530578545,10.971618586483894
2023-01-14 17:00:00,16.933806305546767,28.96940427881932,17.519233608936695
2023-01-14 18:00:00,22.428546146606216,18.646061349242242,19.693658664421942
2023-01-14 19:00:00,42.59683624162144,30.994749386428676,20.98850601743976
2023-01-14 20:00:00,5.490657247782836,26.826086762986986,17.646460851623917
2023-01-14 21:00:00,10.632785181529638,32.83551520971042,8.239799177433785
2023-01-14 22:00:00,7.1790728635935634,13.44871892105486,15.714270426733213
2023-01-14 23:00:00,6.956699326897922,25.967804194503454,10.720166165487605
2023-01-15 00:00:00,47.72606597902471,15.029749475361877,7.074627152310764
2023-01-15 01:00:00,40.16010953681512,17.382598549805632,18.80831821564403
2023-01-15 02:00:00,28.701448060606477,21.820817860295232,2.765629621742587
2023-01-15 03:00:00,9.891337950972893,29.210091376643852,20.0350918100776
2023-01-15 04:00:00,29.57861832909601,32.52119881993149,11.228679121796441
2023-01-15 05:00:00,28.6609322435896,26.040608638672335,14.738967017990134
2023-01-15 06:00:00,13.62829900116457,15.513926768418301,15.17436064638118
2023-01-15 07:00:00,26.633025659693562,15.60497598698905,19.878532093248694
2023-01-15 08:00:00,24.829341692301686,25.06993203112655,14.695035632317353
2023-01-15 09:00:00,35.65175881025909,10.078866717638032,14.222373258260543
2023-01-15 10:00:00,36.56065040199003,6.197804109106544,3.255427954656936
2023-01-15 11:00:00,7.009539811032493,13.485268322681456,12.265896167876187
2023-01-15 12:00:00,23.405106008946976,11.421854916196502,4.873170127390199
2023-01-15 13:00:00,35.889492784096575,11.647141812710558,16.587274173783616
2023-01-15 14:00:00,29.667352773090744,9.714556437949113,12.048654353888033
2023-01-15 15:00:00,47.24124508372609,3.9128475036768426,15.371256793891057
2023-01-15 16:00:00,37.249980920787344,3.1253976459064727,2.5595777479837243
2023-01-15 17:00:00,12.35307625413607,32.155484632119695,3.3783822809418993
2023-01-15 18:00:00,7.618546187294963,15.287259302439953,15.962511288163034
2023-01-15 19:00:00,36.08772678870224,13.909857141822325,3.0283918713280507
2023-01-15 20:00:00,5.1620967217602125,22.691337197599566,2.9597470331768205
2023-01-15 21:00:00,32.98841889378888,8.767400534021357,1.7220254367440366
2023-01-15 22:00:00,50.56783848018167,30.632631363867034,20.552558529563118
2023-01-15 23:00:00,32.18054859695571,25.634454254363618,16.112903070444844
2023-01-16 00:00:00,22.65993551111168,4.633193589839136,8.365603850355516
2023-01-16 01:00:00,35.254805577431526,14.38166006673617,7.166869487878651
2023-01-16 02:00:00,25.836630142099434,28.1279405973791,8.163658841926432
2023-01-16 03:00:00,30.03334041599593,29.99346123886182,16.59407100370331
2023-01-16 04:00:00,49.64947876553328,15.567788333520305,14.257907552091096
2023-01-16 05:00:00,21.700635604315003,19.839643904887005,4.662112843059875
2023-01-16 06:00:00,50.270139034078404,6.337384888491875,4.3664310438347655
2023-01-16 07:00:00,47.28941275846031,30.94818718050357,2.7766652585307963
2023-01-16 08:00:00,11.619197516229477,8.047935507562094,13.937910704732625
2023-01-16 09:00:00,5.102289936479236,29.262488159686345,15.941143201523104
2023-01-16 10:00:00,6.4748722920045,20.350982803650954,5.875317455753347
2023-01-16 11:00:00,2.1463181894482934,18.97323999048826,0.912989983366579
2023-01-16 12:00:00,5.754485447485403,16.000057776308648,2.05636831340414
2023-01-16 13:00:00,34.9779945901584,7.416687903137096,19.688263064636832
2023-01-16 14:00:00,4.180970157239022,5.668763600701792,6.157510643239434
2023-01-16 15:00:00,16.363122161341057,6.863190660097055,15.550199215423868
2023-01-16 16:00:00,42.45018987021606,5.717002457373634,12.575841105782608
2023-01-16 17:00:00,1.1617464599116878,23.386424010874837,7.638052662306077
2023-01-16 18:00:00,40.51330236585259,10.37768471684538,4.029696538473421
2023-01-16 19:00:00,13.674710280315695,1.4844632218893103,2.260516979846408
2023-01-16 20:00:00,5.283031866828127,28.697953195671527,12.050175555075457
2023-01-16 21:00:00,34.005552974209984,26.014793372504236,15.160153495156738
2023-01-16 22:00:00,30.41118429482165,27.21099366935286,12.463701853153593
2023-01-16 23:00:00,42.63478816008609,29.103947169633123,10.110517658476542
2023-01-17 00:00:00,35.31403560686896,4.353147526589423,0.2632178353025947
2023-01-17 01:00:00,38.53632466804579,10.904627456361782,18.714686811409024
2023-01-17 02:00:00,12.268644365271673,21.64730371314655,15.241050127774031
2023-01-17 03:00:00,6.84671249115705,19.665459722916314,5.046334854887657
2023-01-17 04:00:00,35.31680802555988,3.2885194563058286,18.713834764583797
2023-01-17 05:00:00,37.94298561988025,23.035742943628755,11.078131255333258
2023-01-17 06:00:00,46.945847865943115,5.185571614645491,10.61668947050871
2023-01-17 07:00:00,17.87529421406289,5.061174665773632,13.85922773598727
2023-01-17 08:00:00,15.673917578398784,14.353040660058184,15.0646010773066
2023-01-17 09:00:00,35.72734508514007,15.93221627407523,11.892250965846145
2023-01-17 10:00:00,13.785927360685944,15.450036443955366,1.2602150665380207
2023-01-17 11:00:00,43.12831884985331,0.69887666373769,5.4015311477599965
2023-01-17 12:00:00,39.361710880304976,24.18846985180404,17.13810212178275
2023-01-17 13:00:00,17.747573173736395,5.746724360652467,3.011460958871229
2023-01-17 14:00:00,33.704650087462944,1.5821056572169732,5.907779155905499
2023-01-17 15:00:00,33.75812909352715,24.28103362964514,7.0539318146011345
2023-01-17 16:00:00,1.0639571760069053,26.214203187418764,7.151205287573154
2023-01-17 17:00:00,40.919290962154435,23.338815894869178,10.57544990116095
2023-01-17 18:00:00,20.94545125835333,21.695181823322628,17.13464980927834
2023-01-17 19:00:00,36.90438694706596,17.006167604177975,3.046459693321648
2023-01-17 20:00:00,11.490344572446457,13.818439830823703,0.6251733343847092
2023-01-17 21:00:00,40.17820926023977,-0.14916850139985183,2.110228931370642
2023-01-17 22:00:00,14.784296487676208,9.448123922701793,15.868183024572613
2023-01-17 23:00:00,-4.203623647301109,8.333351777579804,11.018013764577711
2023-01-18 00:00:00,40.4621113615654,4.908421037171116,3.7953408010240883
2023-01-18 01:00:00,-0.2957906011515421,18.786528746382615,14.374889003189057
2023-01-18 02:00:00,11.060856953380815,11.933377096679166,15.26546995681275
2023-01-18 03:00:00,42.56208702988027,-0.5332203163665508,14.95388224474157
2023-01-18 04:00:00,42.56173653137597,3.6243235691932365,16.391082346590355
2023-01-18 05:00:00,23.684288927711727,17.50519962271633,3.049778212086199
2023-01-18 06:00:00,26.593928251693878,-0.7148336293686461,13.101665632207132
2023-01-18 07:00:00,17.422692574398184,22.53645730675238,7.2109565356756775
2023-01-18 08:00:00,9.66798246948141,11.85886214116614,14.842948611632503
2023-01-18 09:00:00,11.456364940389662,11.43147992293576,12.57906861198981
2023-01-18 10:00:00,28.673393399064256,14.80071589691293,13.547937168079425
2023-01-18 11:00:00,32.69912688787049,21.788669227346368,11.155396920016026
2023-01-18 12:00:00,34.70082215895164,7.507398220661319,1.5973233784578222
2023-01-18 13:00:00,34.652714419615535,17.443568944704616,8.969261289893904
2023-01-18 14:00:00,-0.20956919406483632,14.110034311974118,17.78544505189042
2023-01-18 15:00:00,20.017739096097465,5.188882421663676,16.866450874329736
2023-01-18 16:00:00,-1.7505757020379362,23.58179136893265,-0.9879307652078266
2023-01-18 17:00:00,22.93072730105293,21.195350559127537,1.478009588535204
2023-01-18 18:00:00,17.621495869044583,17.080537519978204,0.8525637892415314
2023-01-18 19:00:00,40.028600860573654,22.903486906422454,12.776954888769374
2023-01-18 20:00:00,13.295125734381413,23.46845109286056,14.655456639849893
2023-01-18 21:00:00,1.7160878018004162,18.768531489703115,2.6153221183814876
2023-01-18 22:00:00,3.132864665891816,22.70036818886018,8.51036608433659
2023-01-18 23:00:00,34.18632819436286,18.590621815172057,15.258379203619699
2023-01-19 00:00:00,27.155966931954673,18.151261412493984,13.15405640178166
2023-01-19 01:00:00,1.4419827733647903,16.389850726790694,9.399083696727077
2023-01-19 02:00:00,0.7382481340976597,20.501243883737907,10.420116940514573
2023-01-19 03:00:00,31.734441648877542,2.7697442043451366,8.841604968694217
2023-01-19 04:00:00,0.48296530749255284,24.53301176953758,4.688895022089562
2023-01-19 05:00:00,38.10212482646378,24.36077894952454,10.10408860195871
2023-01-19 06:00:00,32.490731838015535,-0.8154092208487913,12.649154233078104
2023-01-19 07:00:00,1.4204556502487597,23.186312487835146,16.407664964477664
2023-01-19 08:00:00,1.7738932528229898,2.3853005533413922,11.738630099010319
2023-01-19 09:00:00,47.04726149329049,8.68273516871329,14.308543768155848
2023-01-19 10:00:00,16.616063325197885,21.04676181118335,2.3624421140482066
2023-01-19 11:00:00,16.62551278528859,3.6788401406156725,8.468511661173414
2023-01-19 12:00:00,38.927575270527065,23.511568868163028,-0.49832884039735914
2023-01-19 13:00:00,45.84718974450273,24.054881863918137,4.32748164055638
2023-01-19 14:00:00,47.98460827702569,14.434765064354373,14.003056336612955
2023-01-19 15:00:00,36.55554198754729,-0.47644421373487034,19.39085211682735
2023-01-19 16:00:00,17.903622289529466,8.06552980303759,1.6198191969377893
2023-01-19 17:00:00,3.4712676526765547,18.085546641918135,7.748379044323012
2023-01-19 18:00:00,38.3603880618776,29.13741070012616,15.802636280185494
2023-01-19 19:00:00,27.63092784908788,18.78083502787863,3.9649988374970286
2023-01-19 20:00:00,21.129991079055657,7.745441801948901,11.069255232728464
2023-01-19 21:00:00,45.44492592038308,19.09649509237611,14.712308586852009
2023-01-19 22:00:00,5.895176016936739,16.40074253245317,12.45382976585525
2023-01-19 23:00:00,25.17407031501208,23.721050914815784,3.9776207324959727
2023-01-20 00:00:00,1.317068286685715,3.659050793797609,7.407445793040693
2023-01-20 01:00:00,24.387688266636733,23.403630775219092,16.05769815648011
2023-01-20 02:00:00,3.973432920229664,16.932958841965988,11.547837937095451
2023-01-20 03:00:00,7.30076732574154,29.705683023172604,0.6485408757934321
2023-01-20 04:00:00,7.435425680894978,11.191632986384423,15.843460537377771
2023-01-20 05:00:00,34.216163875133354,20.03204605561655,1.4084866065368526
2023-01-20 06:00:00,39.25138059950306,29.13032514703966,15.694330309117401
2023-01-20 07:00:00,31.30767932976346,4.358836484663664,4.905307633266939
2023-01-20 08:00:00,50.43425951439619,29.51223387149499,20.091722438655243
2023-01-20 09:00:00,21.25151511100827,22.141363349918244,8.362009479970917
2023-01-20 10:00:00,16.971590980378057,3.646703772926169,7.613026993275589
2023-01-20 11:00:00,46.28928111053392,10.744501829041033,4.121490887073256
2023-01-20 12:00:00,14.207491274570637,23.061782268517252,7.323164049243499
2023-01-20 13:00:00,51.35194530611925,3.9350090445163586,18.809342570199483
2023-01-20 14:00:00,3.9561222403093836,19.474152908779338,21.266046154872374
2023-01-20 15:00:00,51.99410766206029,12.476591504595701,8.7662571408083
2023-01-20 16:00:00,5.80385394651451,20.814980542415736,10.430555958685133
2023-01-20 17:00:00,48.342377356697355,3.643394017451665,15.955507432772261
2023-01-20 18:00:00,30.30306983420677,28.496912812506356,19.2911213612582
2023-01-20 19:00:00,53.69224576970072,31.631072653563326,13.478489069229962
2023-01-20 20:00:00,7.852805956350794,31.564122290319254,9.495705051388928
2023-01-20 21:00:00,31.96743734918688,25.054388829760246,9.962326068620811
2023-01-20 22:00:00,52.844174998929354,6.530016134703603,15.663982217125898
2023-01-20 23:00:00,30.630664100905225,25.43335901330935,1.8546740290446873
2023-01-21 00:00:00,36.034658160401264,3.4764432459469283,14.21767725065207
2023-01-21 01:00:00,39.43319133861307,3.4511606794992447,8.968162964580033
2023-01-21 02:00:00,27.445776380183176,12.539540459562943,17.77143588225949
2023-01-21 03:00:00,36.1614023558828,17.52939472314775,3.773212137134495
2023-01-21 04:00:00,34.055685674499834,26.016204581240693,13.70003337030574
2023-01-21 05:00:00,49.945940819330794,23.43168547506396,11.574673915635014
2023-01-21 06:00:00,7.199944574898492,16.33365652599781,14.817560741234788
2023-01-21 07:00:00,19.006816632616278,11.183994280252834,3.280534750861272
2023-01-21 08:00:00,52.50165541764345,32.90238373302064,13.59210823408883
2023-01-21 09:00:00,49.50804800977455,15.782354356216427,13.227635285281966
2023-01-21 10:00:00,27.782803680543527,16.541590354644992,13.21318830482657
2023-01-21 11:00:00,36.00302391655067,7.9065510516343736,14.068310942518629
2023-01-21 12:00:00,18.85320812045063,26.834775845334278,15.523018333084842
2023-01-21 13:00:00,14.369310117907165,23.788418052476118,18.085080846303036
2023-01-21 14:00:00,28.118660028435375,9.58333225252457,7.369910315138792
2023-01-21 15:00:00,22.563274551155075,5.408829258386742,18.459253463542215
2023-01-21 16:00:00,34.031893925211094,23.32443206184189,11.90474897833607
2023-01-21 17:00:00,8.680828025490614,22.51179413477888,3.4588040535831723
2023-01-21 18:00:00,53.45052252556268,11.036255095298893,3.0633314417813255
2023-01-21 19:00:00,53.96979335598432,31.321460546714825,8.548468826722889
2023-01-21 20:00:00,39.48772800661486,7.2795221368035685,17.52979646448039
2023-01-21 21:00:00,31.29689717878346,15.665291348224521,15.95045023944929
2023-01-21 22:00:00,19.873098612045894,30.946508283665672,17.53098641253993
2023-01-21 23:00:00,44.983475632882964,15.16805429630499,12.0628709878464
2023-01-22 00:00:00,38.41983682037424,21.665745345530734,10.477291236181923
2023-01-22 01:00:00,12.196417119986158,14.367174030528783,4.575278595222316
2023-01-22 02:00:00,49.48716407708418,10.590938981895336,8.140177013143054
2023-01-22 03:00:00,44.936061012878405,31.80484875882682,10.204066870165487
2023-01-22 04:00:00,51.160976309881484,14.48260857662246,3.240400851706458
2023-01-22 05:00:00,39.81236553498131,28.938810179712014,5.8227951004495475
2023-01-22 06:00:00,34.0464380632535,8.924045136610989,13.31477718786038
2023-01-22 07:00:00,24.1312585271815,8.324605148342835,16.000904969844022
2023-01-22 08:00:00,49.693371408113556,2.7681908307830785,21.189729124024154
2023-01-22 09:00:00,46.19267581090513,21.283693562807375,19.818059161225037
2023-01-22 10:00:00,4.977933201732505,12.685990129566655,13.938103869273043
2023-01-22 11:00:00,3.8581504508609132,27.4546285307881,9.440881756280765
2023-01-22 12:00:00,21.18136335937346,15.611214210029303,13.666825300353047
2023-01-22 13:00:00,42.70016134774855,30.34929972263579,16.5820302850674
2023-01-22 14:00:00,51.34682992085543,6.755579544158557,3.159933200511028
2023-01-22 15:00:00,9.310954405735979,27.132760949004062,8.914141734149592
2023-01-22 16:00:00,31.300624633618128,24.254358903359076,17.433681259116895
2023-01-22 17:00:00,20.439843597991572,23.964835799185856,8.234779345237078
2023-01-22 18:00:00,49.68981051087807,26.059951215595376,11.915081672602895
2023-01-22 19:00:00,43.096753856553995,23.425204348151105,12.15171029715139
2023-01-22 20:00:00,42.702240111539794,19.258092574532206,4.003847013065949
2023-01-22 21:00:00,24.014095994731314,4.285009133461305,7.476484035038887
2023-01-22 22:00:00,21.113040427638335,1.1990245711906036,6.8390518991406735
2023-01-22 23:00:00,13.834400359790157,27.723863492423515,0.5895528759432341
2023-01-23 00:00:00,2.7745182860943363,18.472955507750928,0.46613265924629715
2023-01-23 01:00:00,42.98363577976038,23.744628909489926,16.53294766031856
2023-01-23 02:00:00,40.18477921215693,14.169507798768336,5.27730770171747
2023-01-23 03:00:00,49.31862317502509,3.118889375302972,10.094671129063734
2023-01-23 04:00:00,48.95875039024034,3.2317188880035594,5.625274886393492
2023-01-23 05:00:00,26.694178407008966,19.920514492995697,18.38262215305785
2023-01-23 06:00:00,37.16951870367886,12.141265613775882,4.673994355176809
2023-01-23 07:00:00,45.75821090047805,5.127696444824088,8.00110601732136
2023-01-23 08:00:00,40.80463960587973,13.741198445448598,16.7835130384957
2023-01-23 09:00:00,10.494933129014072,0.8027849373665366,16.08968255257785
2023-01-23 10:00:00,20.463243126287598,16.220763873901717,2.896442901238715
2023-01-23 11:00:00,4.206098189110458,6.718678591974355,15.152117168528493
2023-01-23 12:00:00,45.26667880063357,22.465249481734116,8.189388709836834
2023-01-23 13:00:00,27.693087500032675,7.741472234200415,8.613119752702573
2023-01-23 14:00:00,8.641264784508008,11.98207917805496,1.5532492520528243
2023-01-23 15:00:00,30.62377203046961,-1.4281411166509146,0.427525399213204
2023-01-23 16:00:00,27.779903470356647,0.2975015023138785,13.308182718460046
2023-01-23 17:00:00,14.62180816737542,9.80301005164058,8.614691953399353
2023-01-23 18:00:00,2.2374372986899664,12.333899654738815,7.360837127786997
2023-01-23 19:00:00,29.99007501734952,15.847465586204835,13.15473066813175
2023-01-23 20:00:00,22.284887112474042,6.511578601649725,13.818058806735946
2023-01-23 21:00:00,34.7499841056042,18.529895295089617,1.6317891609159665
2023-01-23 22:00:00,22.013512748539192,23.40687453143985,10.606638066728634
2023-01-23 23:00:00,38.49262005730507,20.92565669162733,1.060499662104935
2023-01-24 00:00:00,23.364239917848426,-1.3500964520747978,13.335060912230572
2023-01-24 01:00:00,23.708494094191103,11.812165728187942,11.403741332311506
2023-01-24 02:00:00,39.39450405123429,0.48499970353546784,17.357021988995974
2023-01-24 03:00:00,15.64389968195297,4.543204298675695,-0.43293712433832887
2023-01-24 04:00:00,2.0863141153697855,26.831209413717044,-0.7046844998398141
2023-01-24 05:00:00,-3.2515071357087932,1.4604817162199515,3.7674851133137057
2023-01-24 06:00:00,32.99817048386918,12.111429223653623,3.3306367547934124
2023-01-24 07:00:00,26.196994342813355,15.653582094627644,3.0121826914960446
2023-01-24 08:00:00,30.3340784671134,18.152003153614448,16.17712763528162
2023-01-24 09:00:00,5.735324906241605,13.841730603085063,3.025770729308549
2023-01-24 10:00:00,1.8712454559214846,-2.675271571474692,3.460063193205819
2023-01-24 11:00:00,-4.24595232512915,6.809927882205807,13.198691004949975
2023-01-24 12:00:00,12.538967800432866,12.537103217603155,6.998632793052008
2023-01-24 13:00:00,24.496912324567656,-0.36338823655339736,13.534622331838026
2023-01-24 14:00:00,14.613345873883922,7.519494107613806,-0.6922194011533727
2023-01-24 15:00:00,16.883682671743635,-1.9979447939246933,7.75539850169056
2023-01-24 16:00:00,40.235326298170406,-0.6262101412595862,-1.316771366941153
2023-01-24 17:00:00,12.466251679399189,8.939785282988385,-0.7255445995992416
2023-01-24 18:00:00,20.787626009848424,1.0343635524065404,16.16400968763137
2023-01-24 19:00:00,34.31400169355098,14.105036081743041,0.8374478449494334
2023-01-24 20:00:00,15.010140969915444,17.793750186429136,8.721614387045117
2023-01-24 21:00:00,26.347349296775278,21.163409544501448,6.319117766166772
2023-01-24 22:00:00,38.42946961524355,3.1912778340880745,5.071380196339367
2023-01-24 23:00:00,42.863724207335714,2.2570932824442593,16.151744123526896
2023-01-25 00:00:00,2.8257822364187772,0.4203001240121367,-1.3746887885034575
2023-01-25 01:00:00,41.893764399615634,16.431537371233652,11.501546980128149
2023-01-25 02:00:00,20.270172356759595,18.592886416276645,17.53363176538408
2023-01-25 03:00:00,8.684077746803027,-1.5893006561176741,9.512107001978883
2023-01-25 04:00:00,18.843486234634405,25.618386440943496,17.091128609750374
2023-01-25 05:00:00,45.01030739334058,-0.8356543130157903,-0.5513709626528331
2023-01-25 06:00:00,20.768491909979627,13.921442385233803,6.830901265617687
2023-01-25 07:00:00,12.710780913661281,19.035735823099014,3.7124359789553707
2023-01-25 08:00:00,28.085325506248484,23.978243386629885,13.182532415779473
2023-01-25 09:00:00,8.570868687492148,19.36076061312233,18.25137690937793
2023-01-25 10:00:00,0.5110242425923448,22.082557194389246,3.8177443837486154
2023-01-25 11:00:00,3.3218113604060364,8.310200935208327,11.83462213543092
2023-01-25 12:00:00,3.445504298563,22.670680822799994,2.779237595464554
2023-01-25 13:00:00,4.808866681357416,0.7316845949858728,10.192097893729278
2023-01-25 14:00:00,4.330446864308736,25.277952620918768,8.234285026502015
2023-01-25 15:00:00,29.612713875271492,14.969157265678545,18.467697246675044
2023-01-25 16:00:00,6.847089174442418,23.17078407156592,11.271779435723403
2023-01-25 17:00:00,15.22445776989616,12.334204697770804,6.166564883217576
2023-01-25 18:00:00,42.97209672138002,18.186936591543404,1.5349861881904379
2023-01-25 19:00:00,22.025582274156342,14.788579984691031,2.355936679103781
2023-01-25 20:00:00,31.903114447314277,21.062822165417707,3.916429607529868
2023-01-25 21:00:00,7.341508340079011,1.6842083289161986,4.509539138804968
2023-01-25 22:00:00,8.542465307018688,1.1673711396680035,16.583526903456818
2023-01-25 23:00:00,1.175805583427044,6.892521882366253,10.877405673691738
2023-01-26 00:00:00,7.784994403119363,4.389285153102331,10.203114727291782
2023-01-26 01:00:00,13.474773401030067,25.880660867425334,2.113480017157204
2023-01-26 02:00:00,8.603585234308397,6.428256233023963,17.104018275177122
2023-01-26 03:00:00,4.396420930847966,29.25273422037105,14.440803761367748
2023-01-26 04:00:00,6.201388208322857,10.208630545108896,1.4212050993171588
2023-01-26 05:00:00,23.416539072659965,5.690097873275186,14.307742213004845
2023-01-26 06:00:00,10.901637147161445,24.041925950397466,11.104744837601649
2023-01-26 07:00:00,19.004779441715037,20.23600509861304,1.9510214706600708
2023-01-26 08:00:00,26.167111532139636,15.543620287232244,9.564512026331846
2023-01-26 09:00:00,35.71922167396338,17.38059467362601,10.173717839598988
2023-01-26 10:00:00,3.36623735793204,22.41643156769417,3.8757429496163525
2023-01-26 11:00:00,41.56986913655127,7.8132517545984435,19.5537026164453
2023-01-26 12:00:00,33.19031124465623,30.967192543768764,17.717624137657577
2023-01-26 13:00:00,6.076069571479957,30.43666564882531,14.17569393619671
2023-01-26 14:00:00,45.856424288929425,20.816266440562444,10.116908453448367
2023-01-26 15:00:00,48.406708396695514,7.404126549937268,9.180546179732113
2023-01-26 16:00:00,5.598479658897251,21.933596272631178,14.037302009480708
2023-01-26 17:00:00,16.565540332154157,3.7989470242516568,11.997300558055697
2023-01-26 18:00:00,43.204073756091816,2.6559809260374325,2.4030660242132127
2023-01-26 19:00:00,40.47432253161172,9.56728946279369,11.474588180378154
2023-01-26 20:00:00,12.449403172181892,15.812700024797303,17.417413226402
2023-01-26 21:00:00,13.847237275129505,28.076037827227807,10.536705995256757
2023-01-26 22:00:00,22.05392834247969,23.933266014735594,2.451260832249604
2023-01-26 23:00:00,27.900896410412113,24.48604392651606,17.19546284802508
2023-01-27 00:00:00,34.72553082891281,15.052475384881067,5.552392543678693
2023-01-27 01:00:00,22.38990085904674,12.74458110474376,6.750104249984023
2023-01-27 02:00:00,27.19553470377828,13.572442227810612,4.9216466274942725
2023-01-27 03:00:00,41.559862955312575,32.14127654125658,8.27882771687985
2023-01-27 04:00:00,6.13072648628259,3.7812155474260916,16.853656650473777
2023-01-27 05:00:00,17.02120561463721,28.65055992213516,12.147460549053216
2023-01-27 06:00:00,40.16199307728996,20.056970527009202,5.895430996239186
2023-01-27 07:00:00,49.342209206568,15.907582969012534,19.389348491924032
2023-01-27 08:00:00,30.245139487146282,24.55449024127188,19.456144051575773
2023-01-27 09:00:00,31.33825039641007,17.439613922627657,19.304598954177855
2023-01-27 10:00:00,10.154270362534312,29.080099019777123,6.694192145848989
2023-01-27 11:00:00,27.22105718797757,29.93131922842066,10.964962422341697
2023-01-27 12:00:00,31.527651538270742,15.589700735515414,21.658508409025337
2023-01-27 13:00:00,17.058162627413267,11.26561638445762,17.414104504470522
2023-01-27 14:00:00,18.426082383782628,20.748862359589015,2.5289167590366293
2023-01-27 15:00:00,23.848795710796047,30.361652901839676,3.297926847435807
2023-01-27 16:00:00,6.000161617786809,9.317826707510292,11.277268227806852
2023-01-27 17:00:00,21.103900780556867,21.688963007743258,20.184381117790384
2023-01-27 18:00:00,15.567004423771353,21.943569047142088,12.771877588631932
2023-01-27 19:00:00,21.355463322197146,24.981748100439276,11.94848844600637
2023-01-27 20:00:00,10.94604832698463,6.921795595431036,4.09265069354144
2023-01-27 21:00:00,49.45304550323275,24.43075782020546,15.106274680981082
2023-01-27 22:00:00,34.566491845102064,30.20309712040901,18.39681087896436
2023-01-27 23:00:00,38.79368990530658,8.293637634956522,9.543829729384088
2023-01-28 00:00:00,44.24044157238943,9.995427532929838,17.424988875315556
2023-01-28 01:00:00,29.63899460904914,31.971983618806952,21.176286943054745
2023-01-28 02:00:00,8.989716236356447,8.21552968047585,5.932809915347887
2023-01-28 03:00:00,31.417785276261704,28.369027712287963,12.291575898028551
2023-01-28 04:00:00,33.81535065127998,17.452312543582657,7.53207706178592
2023-01-28 05:00:00,41.64834001114308,10.042752013251256,17.60763490144742
2023-01-28 06:00:00,25.85481840610158,28.68560169494591,13.260603755470195
2023-01-28 07:00:00,10.53891570920868,15.85509799173826,14.355608578778272
2023-01-28 08:00:00,18.22953432937615,17.868964041554662,17.574578808093854
2023-01-28 09:00:00,22.0686781723054,13.125739093417156,9.485234794198554
2023-01-28 10:00:00,36.077454598133826,20.05748106198008,19.814438380762372
2023-01-28 11:00:00,32.18097262914857,7.090950614972468,12.11740030320399
2023-01-28 12:00:00,21.3010364531678,13.830166194518114,4.557576520017156
2023-01-28 13:00:00,52.67003644665749,31.088934074263726,15.255691966179452
2023-01-28 14:00:00,33.47528363226807,9.65592857968805,17.139844074534572
2023-01-28 15:00:00,14.884619516841584,21.516067894263884,7.544545513367277
2023-01-28 16:00:00,7.94389283612546,11.46856344980401,18.28549282201717
2023-01-28 17:00:00,10.32425995984949,24.812975570977756,19.195386295568483
2023-01-28 18:00:00,14.801068848887482,5.42811927934774,6.539362719421009
2023-01-28 19:00:00,10.354785347536435,30.48706136309153,20.5987161281279
2023-01-28 20:00:00,11.462573702867488,14.894219741690499,3.667919561096048
2023-01-28 21:00:00,16.198782039370805,8.24792806320099,4.81792280992118
2023-01-28 22:00:00,10.41912992107102,3.2551725137003475,4.384676847293834
2023-01-28 23:00:00,46.392109402984744,6.025040055624315,18.501329468822803
2023-01-29 00:00:00,5.366216224621456,16.40593582160414,13.627662623114974
2023-01-29 01:00:00,27.378437917384268,10.801816356261511,3.5032330399940728
2023-01-29 02:00:00,21.469048067533674,25.436025007308643,9.186151054587219
2023-01-29 03:00:00,49.86282815273177,13.372964094235048,12.60351942431662
2023-01-29 04:00:00,6.1392417034106535,7.783806134633719,1.8842003377908805
2023-01-29 05:00:00,20.222543163360015,18.71220752476466,17.780232652575947
2023-01-29 06:00:00,48.59517906815446,21.276310949194983,16.12073367058511
2023-01-29 07:00:00,43.18869671218195,4.959261487518256,10.069471638525938
2023-01-29 08:00:00,40.55877740694263,4.851680804336711,19.22460184897486
2023-01-29 09:00:00,12.392660430611492,0.7986542550249898,8.154227216847794
2023-01-29 10:00:00,7.835115903262252,21.666502372224592,19.39850099423354
2023-01-29 11:00:00,32.517346167421564,19.365246931374163,12.992474044552548
2023-01-29 12:00:00,45.350021255445306,13.567659351934028,12.245914184705235
2023-01-29 13:00:00,26.51734511990286,24.532633750599736,2.790778093598249
2023-01-29 14:00:00,27.060106335852076,23.257787705915845,17.03034391103571
2023-01-29 15:00:00,12.281337362422262,16.5300605395474,7.862746830175524
2023-01-29 16:00:00,36.562921699175824,24.901103439145146,2.4799781314811793
2023-01-29 17:00:00,7.249673314424438,4.913727833032009,-0.5888552458655113
2023-01-29 18:00:00,13.894308223778125,1.9837964240714019,10.279252234194027
2023-01-29 19:00:00,18.79900336938683,6.608797208649284,9.558865017879924
2023-01-29 20:00:00,22.72882787449857,0.12159104684493727,13.3263960234935
2023-01-29 21:00:00,9.294526027055728,14.239509483811991,16.67477682287673
2023-01-29 22:00:00,2.7465165811087826,26.30097597533801,0.3900018305200328
2023-01-29 23:00:00,27.371512868190962,-0.715387332279112,13.36613410525098
2023-01-30 00:00:00,11.113358240947951,1.6723957676619015,2.4209711135257095
2023-01-30 01:00:00,25.590821360304126,11.483317022007167,15.775105178812684
2023-01-30 02:00:00,4.100151088741386,25.84545972085591,14.934076407245628
2023-01-30 03:00:00,20.298405768334707,7.229523554658816,9.312435369948421
2023-01-30 04:00:00,22.736782055779155,12.881430517571692,12.647780143746177
2023-01-30 05:00:00,-1.4288458141388571,-1.1648278216443586,4.678993201570886
2023-01-30 06:00:00,12.689836367309805,1.9660695034309321,7.767206961701804
2023-01-30 07:00:00,2.4671885329991357,27.046776500395662,14.731319828629601
2023-01-30 08:00:00,-1.1905810029093353,26.337963177152734,7.44157213284519
2023-01-30 09:00:00,45.04046506589481,-2.5263285041291867,5.372946685067853
2023-01-30 10:00:00,11.569666344626256,25.825538020231235,8.065038583362043
2023-01-30 11:00:00,35.86311177414278,16.39523182331163,14.712740841308781
2023-01-30 12:00:00,8.026875696473425,23.214454610571803,4.822098130731548
2023-01-30 13:00:00,29.303600040033253,10.779274026317847,1.5666174342495909
2023-01-30 14:00:00,33.18176061224891,12.570101428036258,12.308427453721448
2023-01-30 15:00:00,24.902591902520584,11.737790330984629,14.567826203012984
2023-01-30 16:00:00,18.658221413800337,17.05357491815858,0.04451436498763339
2023-01-30 17:00:00,15.63875625949398,1.2175639739677218,2.816166475971117
2023-01-30 18:00:00,12.46602066190249,-2.087227902968027,0.8484827291209678
2023-01-30 19:00:00,41.483601386359986,6.242184752116941,4.961685901230808
2023-01-30 20:00:00,36.53131830104644,18.140631629095395,7.007158742772248
2023-01-30 21:00:00,43.25357587851182,3.0569417708001647,12.977418877340604
2023-01-30 22:00:00,1.2276493811835563,17.210645923891313,11.02806698039601
2023-01-30 23:00:00,31.57537693003325,26.116563285128738,10.431372617509039
2023-01-31 00:00:00,41.97686472058758,-0.1470733985960342,5.071435684007365
